Team,Position,Name,Minutes played,Games played,Yellow Cards,Red Cards,Goals scored,Penalties scored,Own goals,Tackles,Shots,Assists,Passes,Goals_per_Game,Cards_per_Game,Pass_Accuracy_Estimate,Set
Athletic Club,Goalkeeper,Hodei Oleaga,0.0,0,0,0,0,0,0,0,0,0,0.0,0.0,0.0,0.0,Test
Athletic Club,Goalkeeper,A. Remiro,0.0,0,0,0,0,0,0,0,0,0,0.0,0.0,0.0,0.0,Train
Athletic Club,Goalkeeper,Herrerín,2.79,31,1,0,0,0,0,0,0,1,887.0,0.0,0.03225806451612903,0.0011273957158962795,Test
Athletic Club,Goalkeeper,Unai Simón,630.0,7,2,0,0,0,0,0,0,0,155.0,0.0,0.2857142857142857,0.0,Train
Athletic Club,Defender,Núñez,1.063,12,4,0,0,0,0,12,9,0,536.0,0.0,0.3333333333333333,0.0,Train
Athletic Club,Defender,I. Martínez,2.903,33,12,0,0,0,0,14,21,0,1.44,0.0,0.36363636363636365,0.0,Train
Athletic Club,Defender,Yeray,2.614,30,10,0,0,0,0,16,7,0,1.284,0.0,0.3333333333333333,0.0,Test
Athletic Club,Defender,San José,1.716,33,7,0,0,0,0,6,11,0,707.0,0.0,0.21212121212121213,0.0,Train
Athletic Club,Defender,Yuri B.,3.12,35,9,1,2,0,0,9,22,2,1.367,0.05714285714285714,0.3142857142857143,1.463057790782736,Train
Athletic Club,Defender,I. Lekue,210.0,4,1,0,0,0,0,0,0,0,85.0,0.0,0.25,0.0,Test
Athletic Club,Defender,Balenziaga,520.0,11,0,0,0,0,0,2,0,0,177.0,0.0,0.0,0.0,Test
Athletic Club,Midfielder,Nolaskoain,465.0,8,2,1,2,0,0,6,4,0,276.0,0.25,0.5,0.0,Test
Athletic Club,Midfielder,Beñat,2.045,27,8,0,1,0,0,1,13,2,1.166,0.037037037037037035,0.2962962962962963,1.7152658662092626,Train
Athletic Club,Midfielder,Iturraspe,97.0,3,1,0,0,0,0,0,0,0,80.0,0.0,0.3333333333333333,0.0,Train
Athletic Club,Midfielder,Córdoba,1.3219999999999998,23,4,0,0,0,0,0,16,5,406.0,0.0,0.17391304347826086,0.012315270935960592,Train
Athletic Club,Midfielder,Susaeta,1.38,22,2,1,1,0,0,1,11,2,524.0,0.045454545454545456,0.18181818181818182,0.003816793893129771,Train
Athletic Club,Midfielder,Dani García,2.482,29,13,0,0,0,0,8,1,0,1.396,0.0,0.4482758620689655,0.0,Train
Athletic Club,Midfielder,Mikel Rico,243.0,4,0,0,0,0,0,2,3,0,94.0,0.0,0.0,0.0,Train
Athletic Club,Midfielder,De Marcos,2.426,30,4,2,1,0,0,4,7,2,1.028,0.03333333333333333,0.26666666666666666,1.9455252918287937,Train
Athletic Club,Midfielder,Ibai,2.033,32,0,0,3,0,0,1,35,4,717.0,0.09375,0.0,0.005578800557880056,Train
Athletic Club,Midfielder,Capa,1.6369999999999998,25,9,0,0,0,0,2,7,0,686.0,0.0,0.36,0.0,Train
Athletic Club,Midfielder,Raúl García,2.379,33,13,0,9,2,0,1,63,3,892.0,0.2727272727272727,0.3939393939393939,0.0033632286995515697,Train
Athletic Club,Midfielder,Unai López,325.0,7,1,0,0,0,0,3,3,0,242.0,0.0,0.14285714285714285,0.0,Test
Athletic Club,Midfielder,Iñigo Vicente,0.0,0,0,0,0,0,0,0,0,0,0.0,0.0,0.0,0.0,Train
Athletic Club,Forward,Gorka Guruzeta,45.0,6,0,0,0,0,0,0,1,0,9.0,0.0,0.0,0.0,Train
Athletic Club,Forward,Kenan Kodro,151.0,11,0,0,1,0,0,0,3,0,46.0,0.09090909090909091,0.0,0.0,Train
Athletic Club,Forward,Williams,3.036,38,3,0,13,0,0,1,56,4,686.0,0.34210526315789475,0.07894736842105263,0.0058309037900874635,Train
Athletic Club,Forward,Muniain ,2.385,34,7,0,7,1,0,3,20,4,1.187,0.20588235294117646,0.20588235294117646,3.369839932603201,Train
Athletic Club,Forward,Aduriz,941.0,20,4,0,2,2,0,1,19,0,230.0,0.1,0.2,0.0,Train
Atlético de Madrid,Goalkeeper,Alex Dos Santos,0.0,0,0,0,0,0,0,0,0,0,0.0,0.0,0.0,0.0,Train
Atlético de Madrid,Goalkeeper,Adán,90.0,1,1,0,0,0,0,0,0,0,22.0,0.0,1.0,0.0,Test
Atlético de Madrid,Goalkeeper,Oblak ,3.33,37,0,0,0,0,0,0,0,0,759.0,0.0,0.0,0.0,Train
Atlético de Madrid,Defender,Godín,2.507,30,7,0,3,0,1,9,14,1,1.047,0.1,0.23333333333333334,0.9551098376313276,Train
Atlético de Madrid,Defender,Filipe Luis,2.037,27,4,0,2,0,0,3,10,2,1.287,0.07407407407407407,0.14814814814814814,1.5540015540015542,Test
Atlético de Madrid,Defender,Arias,1.77,25,4,0,1,0,0,2,7,1,790.0,0.04,0.16,0.0012658227848101266,Train
Atlético de Madrid,Defender,Savić,1.399,18,3,1,0,0,0,9,5,2,544.0,0.0,0.2777777777777778,0.003676470588235294,Train
Atlético de Madrid,Defender,Nehuen Pérez,0.0,0,0,0,0,0,0,0,0,0,0.0,0.0,0.0,0.0,Train
Atlético de Madrid,Defender,Juanfran,1.609,22,7,0,0,0,0,5,0,2,770.0,0.0,0.3181818181818182,0.0025974025974025974,Train
Atlético de Madrid,Defender,L. Hernández,1.118,14,5,0,1,0,0,9,4,0,509.0,0.07142857142857142,0.35714285714285715,0.0,Train
Atlético de Madrid,Defender,J. M. Giménez,1.7719999999999998,21,5,0,0,0,0,14,13,0,718.0,0.0,0.23809523809523808,0.0,Train
Atlético de Madrid,Defender,Andrés Solano,45.0,1,0,0,0,0,0,0,0,0,26.0,0.0,0.0,0.0,Train
Atlético de Madrid,Defender,Francisco Montero,401.0,9,2,0,0,0,0,4,0,0,160.0,0.0,0.2222222222222222,0.0,Train
Atlético de Madrid,Defender,Manuel Sánchez,0.0,0,0,0,0,0,0,0,0,0,0.0,0.0,0.0,0.0,Train
Atlético de Madrid,Midfielder,Thomas,2.064,32,7,1,3,0,0,5,31,4,1.327,0.09375,0.28125,3.014318010550113,Train
Atlético de Madrid,Midfielder,Koke,2.587,30,8,1,3,0,0,5,13,4,1.941,0.1,0.3333333333333333,2.0607934054611023,Train
Atlético de Madrid,Midfielder,Saúl,2.925,33,10,0,4,0,1,10,40,1,1.483,0.12121212121212122,0.30303030303030304,0.6743088334457181,Train
Atlético de Madrid,Midfielder,Rodrigo,2.742,34,5,0,3,0,0,11,25,1,1.927,0.08823529411764706,0.14705882352941177,0.5189413596263622,Train
Atlético de Madrid,Midfielder,Cristian Rodríguez,0.0,0,0,0,0,0,0,0,0,0,0.0,0.0,0.0,0.0,Train
Atlético de Madrid,Midfielder,Mikel Carro,0.0,0,0,0,0,0,0,0,0,0,0.0,0.0,0.0,0.0,Train
Atlético de Madrid,Midfielder,Borja Garcés,19.0,1,0,0,1,0,0,0,1,0,4.0,1.0,0.0,0.0,Train
Atlético de Madrid,Midfielder,Victor Mollejo,62.0,4,0,0,0,0,0,0,1,0,23.0,0.0,0.0,0.0,Train
Atlético de Madrid,Midfielder,Joaquín Muñoz,1.0,1,0,0,0,0,0,0,0,0,1.0,0.0,0.0,0.0,Train
Atlético de Madrid,Midfielder,Sergio Camello,45.0,1,0,0,1,0,0,0,3,0,9.0,1.0,0.0,0.0,Train
Atlético de Madrid,Midfielder,Gustavo Assunção,0.0,0,0,0,0,0,0,0,0,0,0.0,0.0,0.0,0.0,Train
Atlético de Madrid,Forward,Griezmann,3.202,37,5,0,15,3,0,1,86,9,1.388,0.40540540540540543,0.13513513513513514,6.4841498559077815,Train
Atlético de Madrid,Forward,Kalinić,639.0,17,3,0,2,0,0,0,6,0,107.0,0.11764705882352941,0.17647058823529413,0.0,Test
Atlético de Madrid,Forward,Correa,1.92,36,7,1,3,0,0,5,21,2,714.0,0.08333333333333333,0.25,0.0028011204481792717,Train
Atlético de Madrid,Forward,Lemar,1.827,31,4,0,3,0,0,1,19,3,938.0,0.0967741935483871,0.12903225806451613,0.0031982942430703624,Train
Atlético de Madrid,Forward,Diego Costa,1.114,16,4,1,2,0,0,0,12,2,300.0,0.125,0.375,0.006666666666666667,Train
Atlético de Madrid,Forward,Morata,1.089,15,5,0,6,0,0,0,24,1,256.0,0.4,0.3333333333333333,0.00390625,Train
Atlético de Madrid,Forward,Vitolo,744.0,20,1,0,0,0,0,1,4,1,308.0,0.0,0.05,0.003246753246753247,Train
CD Leganés,Goalkeeper,Cuéllar,3.056,34,5,0,0,0,0,0,0,0,984.0,0.0,0.14705882352941177,0.0,Train
CD Leganés,Goalkeeper,Andrés,0.0,0,0,0,0,0,0,0,0,0,0.0,0.0,0.0,0.0,Train
CD Leganés,Goalkeeper,Andriy Lunin,364.0,5,0,0,0,0,0,0,0,0,105.0,0.0,0.0,0.0,Test
CD Leganés,Goalkeeper,David Tejero,0.0,0,0,0,0,0,0,0,0,0,0.0,0.0,0.0,0.0,Train
CD Leganés,Defender,Juanfran,1.459,23,0,0,1,0,0,4,5,1,456.0,0.043478260869565216,0.0,0.0021929824561403508,Train
CD Leganés,Defender,Bustinza M.,2.029,25,9,1,0,0,0,14,6,1,866.0,0.0,0.44,0.0011547344110854503,Train
CD Leganés,Defender,Diego Reyes,319.0,6,1,0,0,0,0,4,0,0,168.0,0.0,0.16666666666666666,0.0,Train
CD Leganés,Defender,J. Silva,2.7,30,9,0,3,0,0,2,19,6,887.0,0.1,0.3,0.006764374295377677,Test
CD Leganés,Defender,Nyom,1.712,23,8,1,1,0,0,2,4,1,491.0,0.043478260869565216,0.43478260869565216,0.002036659877800407,Train
CD Leganés,Defender,Kravets,484.0,6,2,0,0,0,0,1,3,0,165.0,0.0,0.3333333333333333,0.0,Test
CD Leganés,Defender,R. Tarín,1.429,18,3,0,0,0,0,5,4,0,468.0,0.0,0.16666666666666666,0.0,Train
CD Leganés,Defender,Muñoz,211.0,3,0,0,0,0,0,1,2,0,115.0,0.0,0.0,0.0,Test
CD Leganés,Defender,Siovas,2.963,34,5,0,1,0,0,15,17,0,1.35,0.029411764705882353,0.14705882352941177,0.0,Test
CD Leganés,Defender,K. Omeruo,2.434,28,7,0,0,0,0,11,2,0,963.0,0.0,0.25,0.0,Train
CD Leganés,Midfielder,Óscar,2.515,31,5,0,4,0,0,2,46,3,950.0,0.12903225806451613,0.16129032258064516,0.003157894736842105,Test
CD Leganés,Midfielder,Gumbau,1.196,16,4,1,1,1,0,2,13,1,399.0,0.0625,0.375,0.002506265664160401,Test
CD Leganés,Midfielder,Recio,1.287,18,9,0,0,0,0,2,8,0,651.0,0.0,0.5,0.0,Test
CD Leganés,Midfielder,El Zhar,954.0,27,0,0,4,1,0,0,18,0,258.0,0.14814814814814814,0.0,0.0,Test
CD Leganés,Midfielder,Szymanowski,9.0,1,0,0,0,0,0,0,0,0,5.0,0.0,0.0,0.0,Test
CD Leganés,Midfielder,Eraso,635.0,13,2,0,0,0,0,1,3,0,208.0,0.0,0.15384615384615385,0.0,Train
CD Leganés,Midfielder,Rubén Pérez J.,2.471,31,7,1,0,0,0,8,6,0,1.347,0.0,0.2903225806451613,0.0,Test
CD Leganés,Midfielder,Vesga,2.075,26,3,0,1,0,0,4,11,1,785.0,0.038461538461538464,0.11538461538461539,0.0012738853503184713,Test
CD Leganés,Midfielder,Javier Avilés,0.0,0,0,0,0,0,0,0,0,0,0.0,0.0,0.0,0.0,Test
CD Leganés,Forward,Youssef En-Nesyri,2.104,31,7,0,9,0,1,3,64,2,465.0,0.2903225806451613,0.22580645161290322,0.004301075268817204,Test
CD Leganés,Forward,Carrillo,1.995,32,5,0,6,1,0,1,51,1,640.0,0.1875,0.15625,0.0015625,Train
CD Leganés,Forward,Jose Arnáiz,108.0,6,0,0,0,0,0,0,1,0,30.0,0.0,0.0,0.0,Test
CD Leganés,Forward,Sabin Merino,288.0,12,0,0,0,0,0,0,11,0,88.0,0.0,0.0,0.0,Train
CD Leganés,Forward,Santos,552.0,16,4,0,1,0,0,1,14,3,94.0,0.0625,0.25,0.031914893617021274,Test
CD Leganés,Forward,Braithwaite,1.4069999999999998,19,5,0,4,0,0,0,26,5,241.0,0.21052631578947367,0.2631578947368421,0.02074688796680498,Train
D. Alavés,Goalkeeper,Pacheco,3.15,35,3,0,0,0,0,0,0,0,956.0,0.0,0.08571428571428572,0.0,Test
D. Alavés,Goalkeeper,Sivera,270.0,3,0,0,0,0,0,0,0,0,88.0,0.0,0.0,0.0,Train
D. Alavés,Goalkeeper,Álex Domínguez,0.0,0,0,0,0,0,0,0,0,0,0.0,0.0,0.0,0.0,Train
D. Alavés,Defender,Vigaray,646.0,8,1,0,0,0,0,1,1,0,154.0,0.0,0.125,0.0,Train
D. Alavés,Defender,R. Duarte,2.775,33,10,1,0,0,0,12,19,0,920.0,0.0,0.36363636363636365,0.0,Train
D. Alavés,Defender,Ely,431.0,5,1,0,0,0,0,7,2,0,160.0,0.0,0.2,0.0,Train
D. Alavés,Defender,Laguardia,3.24,36,12,0,1,0,1,19,16,2,1.267,0.027777777777777776,0.3333333333333333,1.5785319652722969,Train
D. Alavés,Defender,Maripán,2.008,23,5,0,2,0,0,19,11,2,708.0,0.08695652173913043,0.21739130434782608,0.002824858757062147,Train
D. Alavés,Defender,Ximo Navarro,2.533,31,7,0,2,0,0,11,7,2,823.0,0.06451612903225806,0.22580645161290322,0.002430133657351154,Train
D. Alavés,Defender,Adrián Marín,287.0,6,2,0,0,0,0,0,2,0,82.0,0.0,0.3333333333333333,0.0,Train
D. Alavés,Defender,Martín,2.0340000000000003,27,5,0,0,0,0,11,1,0,720.0,0.0,0.18518518518518517,0.0,Train
D. Alavés,Midfielder,Álex Blanco,14.0,2,0,0,0,0,0,0,0,0,6.0,0.0,0.0,0.0,Test
D. Alavés,Midfielder,T. Pina,2.343,28,13,0,2,0,0,4,9,0,1.054,0.07142857142857142,0.4642857142857143,0.0,Train
D. Alavés,Midfielder,Inui,1.211,20,0,0,2,0,0,0,18,0,347.0,0.1,0.0,0.0,Train
D. Alavés,Midfielder,Manu,2.325,34,6,0,1,0,1,7,24,1,933.0,0.029411764705882353,0.17647058823529413,0.0010718113612004287,Test
D. Alavés,Midfielder,Darko,1.581,24,5,0,0,0,0,4,3,1,619.0,0.0,0.20833333333333334,0.0016155088852988692,Train
D. Alavés,Midfielder,M. Wakaso,1.664,29,9,0,1,0,0,9,23,1,635.0,0.034482758620689655,0.3103448275862069,0.0015748031496062992,Train
D. Alavés,Midfielder,Jony,2.982,36,3,0,5,0,0,0,47,10,778.0,0.1388888888888889,0.08333333333333333,0.012853470437017995,Train
D. Alavés,Midfielder,Paulino De la Fuente,0.0,0,0,0,0,0,0,0,0,0,0.0,0.0,0.0,0.0,Train
D. Alavés,Midfielder,Andrei Lupu,0.0,0,0,0,0,0,0,0,0,0,0.0,0.0,0.0,0.0,Test
D. Alavés,Forward,Rolan,507.0,15,1,0,0,0,0,0,8,0,166.0,0.0,0.06666666666666667,0.0,Train
D. Alavés,Forward,Guidetti,621.0,22,2,0,2,0,0,0,9,1,143.0,0.09090909090909091,0.09090909090909091,0.006993006993006993,Train
D. Alavés,Forward,Calleri,2.8760000000000003,34,6,0,9,2,0,7,59,2,689.0,0.2647058823529412,0.17647058823529413,0.002902757619738752,Train
D. Alavés,Forward,Burgui,547.0,16,1,0,1,0,0,0,7,0,197.0,0.0625,0.0625,0.0,Train
D. Alavés,Forward,Borja,1.449,27,4,0,5,0,0,5,30,1,314.0,0.18518518518518517,0.14814814814814814,0.0031847133757961785,Train
D. Alavés,Forward,Twumasi,159.0,11,2,0,0,0,0,0,3,0,55.0,0.0,0.18181818181818182,0.0,Train
FC Barcelona,Goalkeeper,Ter Stegen,3.15,35,0,0,0,0,0,0,0,0,886.0,0.0,0.0,0.0,Train
FC Barcelona,Goalkeeper,Cillessen,270.0,3,0,0,0,0,0,0,0,0,97.0,0.0,0.0,0.0,Test
FC Barcelona,Goalkeeper,Iñaki Peña,0.0,0,0,0,0,0,0,0,0,0,0.0,0.0,0.0,0.0,Train
FC Barcelona,Defender,Jeison Murillo,202.0,3,0,0,0,0,0,0,1,0,142.0,0.0,0.0,0.0,Train
FC Barcelona,Defender,N. Semedo,1.597,26,4,0,1,0,0,7,4,0,1.0759999999999998,0.038461538461538464,0.15384615384615385,0.0,Train
FC Barcelona,Defender,Piqué,3.15,35,6,0,4,0,0,27,17,2,2.39,0.11428571428571428,0.17142857142857143,0.8368200836820083,Train
FC Barcelona,Defender,Todibo,158.0,2,2,0,0,0,0,0,0,0,118.0,0.0,1.0,0.0,Train
FC Barcelona,Defender,Clement Lenglet,1.935,23,8,1,1,0,1,20,5,0,1.145,0.043478260869565216,0.43478260869565216,0.0,Train
FC Barcelona,Defender,Jordi Alba,2.988,36,6,0,2,0,0,6,9,8,2.36,0.05555555555555555,0.16666666666666666,3.3898305084745766,Train
FC Barcelona,Defender,S. Roberto,2.088,29,3,0,0,0,0,3,9,7,1.622,0.0,0.10344827586206896,4.315659679408138,Train
FC Barcelona,Defender,Umtiti,1.19,14,4,0,0,0,0,8,1,1,888.0,0.0,0.2857142857142857,0.0011261261261261261,Train
FC Barcelona,Defender,Vermaelen,587.0,9,2,0,0,0,0,2,2,0,364.0,0.0,0.2222222222222222,0.0,Train
FC Barcelona,Defender,Juan Miranda,0.0,0,0,0,0,0,0,0,0,0,0.0,0.0,0.0,0.0,Train
FC Barcelona,Defender,Guillem Jaime,0.0,0,0,0,0,0,0,0,0,0,0.0,0.0,0.0,0.0,Train
FC Barcelona,Midfielder,I. Rakitić,2.643,34,5,1,3,0,0,8,31,5,2.535,0.08823529411764706,0.20588235294117646,1.972386587771203,Train
FC Barcelona,Midfielder,Sergio,2.719,35,10,0,0,0,0,8,6,1,2.394,0.0,0.2857142857142857,0.4177109440267335,Test
FC Barcelona,Midfielder,Coutinho,2.022,34,2,0,5,0,0,2,47,2,1.388,0.14705882352941177,0.058823529411764705,1.4409221902017293,Test
FC Barcelona,Midfielder,Arthur,1.439,27,2,0,0,0,0,0,4,1,1.28,0.0,0.07407407407407407,0.78125,Train
FC Barcelona,Midfielder,Rafinha,225.0,5,1,0,0,0,0,1,2,0,145.0,0.0,0.2,0.0,Train
FC Barcelona,Midfielder,Aleñá,631.0,17,2,0,2,0,0,0,8,0,573.0,0.11764705882352941,0.11764705882352941,0.0,Train
FC Barcelona,Midfielder,Vidal,1.927,33,7,0,3,0,0,5,20,7,1.499,0.09090909090909091,0.21212121212121213,4.66977985323549,Train
FC Barcelona,Forward,Suárez,2.827,33,5,0,21,4,0,4,93,6,956.0,0.6363636363636364,0.15151515151515152,0.006276150627615063,Test
FC Barcelona,Forward,Messi,2.71,34,3,0,36,4,0,0,140,13,1.83,1.0588235294117647,0.08823529411764706,7.103825136612022,Train
FC Barcelona,Forward,O. Dembélé,1.671,29,1,0,8,0,0,0,33,5,910.0,0.27586206896551724,0.034482758620689655,0.005494505494505495,Train
FC Barcelona,Forward,Malcom,608.0,15,0,0,1,0,0,0,10,2,305.0,0.06666666666666667,0.0,0.006557377049180328,Test
FC Barcelona,Forward,Kevin-Prince Boateng,240.0,3,1,0,0,0,0,0,3,0,60.0,0.0,0.3333333333333333,0.0,Train
Getafe CF,Goalkeeper,Chichizola,90.0,1,0,0,0,0,0,0,0,0,24.0,0.0,0.0,0.0,Train
Getafe CF,Goalkeeper,David Soria,3.33,37,0,0,0,0,0,0,0,0,1.037,0.0,0.0,0.0,Train
Getafe CF,Goalkeeper,R. Yáñez,0.0,0,0,0,0,0,0,0,0,0,0.0,0.0,0.0,0.0,Test
Getafe CF,Defender,Djené,2.98,34,10,2,0,0,0,11,9,0,974.0,0.0,0.4117647058823529,0.0,Test
Getafe CF,Defender,Antunes,2.182,28,5,0,1,0,0,7,23,3,789.0,0.03571428571428571,0.17857142857142858,0.0038022813688212928,Train
Getafe CF,Defender,Bruno,1.6969999999999998,23,5,1,0,0,0,6,5,1,500.0,0.0,0.30434782608695654,0.002,Train
Getafe CF,Defender,Cabrera,2.793,32,9,1,2,0,1,16,18,0,960.0,0.0625,0.34375,0.0,Train
Getafe CF,Defender,Olivera,1.01,14,4,1,0,0,0,2,3,1,315.0,0.0,0.42857142857142855,0.0031746031746031746,Train
Getafe CF,Defender,Miquel,317.0,7,1,0,0,0,0,4,0,0,91.0,0.0,0.14285714285714285,0.0,Train
Getafe CF,Defender,Damián Suárez,3.24,36,12,0,0,0,0,6,9,3,1.3230000000000002,0.0,0.3333333333333333,2.2675736961451243,Train
Getafe CF,Defender,Foulquier,1.809,25,7,0,3,0,0,2,9,2,398.0,0.12,0.28,0.005025125628140704,Train
Getafe CF,Defender,Miguel Ángel Rubio,0.0,0,0,0,0,0,0,0,0,0,0.0,0.0,0.0,0.0,Train
Getafe CF,Midfielder,M. Bergara,50.0,3,0,0,0,0,0,0,0,0,17.0,0.0,0.0,0.0,Train
Getafe CF,Midfielder,Portillo,1.991,32,3,1,1,0,0,0,7,4,749.0,0.03125,0.15625,0.0053404539385847796,Test
Getafe CF,Midfielder,Gaku,389.0,7,0,0,0,0,0,0,4,0,116.0,0.0,0.0,0.0,Train
Getafe CF,Midfielder,Samu Sáiz,299.0,10,2,0,1,0,0,0,6,0,132.0,0.1,0.2,0.0,Train
Getafe CF,Midfielder,S. Cristóforo,442.0,15,3,0,0,0,0,0,1,2,143.0,0.0,0.2,0.013986013986013986,Test
Getafe CF,Midfielder,Mathieu Flamini,449.0,10,5,0,0,0,0,1,0,0,135.0,0.0,0.5,0.0,Train
Getafe CF,Midfielder,Arambarri,2.685,33,8,0,1,0,1,9,23,2,739.0,0.030303030303030304,0.24242424242424243,0.0027063599458728013,Train
Getafe CF,Midfielder,Maksimovic,3.2110000000000003,36,5,0,1,0,0,15,24,0,769.0,0.027777777777777776,0.1388888888888889,0.0,Train
Getafe CF,Midfielder,Hugo Duro,414.0,11,0,0,0,0,0,1,4,0,59.0,0.0,0.0,0.0,Train
Getafe CF,Forward,Mata,2.436,34,10,0,14,4,0,0,49,6,649.0,0.4117647058823529,0.29411764705882354,0.009244992295839754,Test
Getafe CF,Forward,Ángel ,1.82,37,4,0,8,0,0,1,50,3,317.0,0.21621621621621623,0.10810810810810811,0.00946372239747634,Train
Getafe CF,Forward,Jorge Molina,2.647,38,2,0,14,2,0,0,39,5,735.0,0.3684210526315789,0.05263157894736842,0.006802721088435374,Test
Girona FC,Goalkeeper,J. Suárez,0.0,0,0,0,0,0,0,0,0,0,0.0,0.0,0.0,0.0,Train
Girona FC,Goalkeeper,Iraizoz,558.0,7,0,0,0,0,0,0,0,0,187.0,0.0,0.0,0.0,Test
Girona FC,Goalkeeper,Bono,2.862,32,2,0,0,0,1,0,1,0,849.0,0.0,0.0625,0.0,Train
Girona FC,Defender,Bernardo,2.729,31,2,2,1,0,0,31,15,1,1.392,0.03225806451612903,0.1935483870967742,0.7183908045977012,Train
Girona FC,Defender,Johan Mojica,19.0,1,0,0,0,0,0,0,0,0,6.0,0.0,0.0,0.0,Train
Girona FC,Defender,Ramalho,1.619,22,4,0,1,0,1,11,5,0,716.0,0.045454545454545456,0.18181818181818182,0.0,Train
Girona FC,Defender,Alcalá,1.868,25,9,0,1,0,0,18,12,1,863.0,0.04,0.36,0.0011587485515643105,Test
Girona FC,Defender,Aday Benítez,647.0,10,2,0,0,0,0,0,5,2,219.0,0.0,0.2,0.0091324200913242,Train
Girona FC,Defender,Raúl C.,1.234,15,2,0,0,0,0,6,4,1,424.0,0.0,0.13333333333333333,0.0023584905660377358,Train
Girona FC,Defender,Juanpe,2.769,33,8,0,0,0,0,15,18,0,1.548,0.0,0.24242424242424243,0.0,Train
Girona FC,Defender,Muniesa,1.403,19,6,0,0,0,0,6,6,0,765.0,0.0,0.3157894736842105,0.0,Test
Girona FC,Defender,Planas,418.0,7,3,0,0,0,0,0,1,1,184.0,0.0,0.42857142857142855,0.005434782608695652,Train
Girona FC,Defender,Èric Montes,0.0,0,0,0,0,0,0,0,0,0,0.0,0.0,0.0,0.0,Train
Girona FC,Midfielder,Kevin Soni,78.0,5,1,0,0,0,0,0,3,0,22.0,0.0,0.2,0.0,Train
Girona FC,Midfielder,Paik,58.0,3,0,0,0,0,0,0,0,0,20.0,0.0,0.0,0.0,Train
Girona FC,Midfielder,Yhoan Andzouana,0.0,0,0,0,0,0,0,0,0,0,0.0,0.0,0.0,0.0,Train
Girona FC,Midfielder,Granell,2.392,32,5,0,0,0,0,5,33,4,1.306,0.0,0.15625,3.0627871362940273,Train
Girona FC,Midfielder,Pere Pons,2.7960000000000003,34,4,0,1,0,0,12,17,2,1.1840000000000002,0.029411764705882353,0.11764705882352941,1.689189189189189,Train
Girona FC,Midfielder,Borja García,2.636,33,0,1,1,0,0,2,24,3,1.288,0.030303030303030304,0.06060606060606061,2.329192546583851,Test
Girona FC,Midfielder,Douglas Luiz,1.487,23,7,0,0,0,0,7,10,0,728.0,0.0,0.30434782608695654,0.0,Test
Girona FC,Midfielder,Roberts,594.0,19,0,0,0,0,0,0,7,0,174.0,0.0,0.0,0.0,Train
Girona FC,Midfielder,Aleix García,1.665,31,1,0,2,0,0,6,13,1,1.073,0.06451612903225806,0.03225806451612903,0.9319664492078286,Train
Girona FC,Midfielder,Pedro Porro,2.212,32,3,0,0,0,0,2,17,4,865.0,0.0,0.09375,0.004624277456647399,Test
Girona FC,Midfielder,Valery Fernández,884.0,17,2,0,0,0,0,1,1,1,279.0,0.0,0.11764705882352941,0.0035842293906810036,Train
Girona FC,Midfielder,Álex Pachón,0.0,0,0,0,0,0,0,0,0,0,0.0,0.0,0.0,0.0,Train
Girona FC,Forward,Stuani,2.7310000000000003,32,9,0,19,5,0,1,67,0,503.0,0.59375,0.28125,0.0,Train
Girona FC,Forward,Portu,2.833,34,3,0,9,1,0,1,33,2,621.0,0.2647058823529412,0.08823529411764706,0.00322061191626409,Train
Girona FC,Forward,Lozano,725.0,20,4,1,0,0,0,1,19,0,180.0,0.0,0.3,0.0,Train
Girona FC,Forward,Doumbia,535.0,17,2,0,2,0,0,0,13,0,70.0,0.11764705882352941,0.11764705882352941,0.0,Train
Levante UD,Goalkeeper,Koke,90.0,1,0,0,0,0,0,0,0,0,20.0,0.0,0.0,0.0,Train
Levante UD,Goalkeeper,Oier,1.89,21,1,0,0,0,0,0,0,0,478.0,0.0,0.047619047619047616,0.0,Train
Levante UD,Goalkeeper,Aitor Fdez.,1.44,16,0,0,0,0,0,0,0,0,374.0,0.0,0.0,0.0,Train
Levante UD,Defender,Jordi,0.0,0,0,0,0,0,0,0,0,0,0.0,0.0,0.0,0.0,Train
Levante UD,Defender,Toño,1.767,21,4,0,1,0,1,5,12,2,635.0,0.047619047619047616,0.19047619047619047,0.0031496062992125984,Test
Levante UD,Defender,Rober Pier,2.855,33,6,0,1,0,1,36,7,0,1.095,0.030303030303030304,0.18181818181818182,0.0,Train
Levante UD,Defender,Chema R.,1.251,19,7,0,2,0,0,11,5,0,371.0,0.10526315789473684,0.3684210526315789,0.0,Train
Levante UD,Defender,Coke,1.815,27,2,1,4,0,0,9,11,0,746.0,0.14814814814814814,0.14814814814814814,0.0,Train
Levante UD,Defender,Rubén Vezo,1.534,19,6,0,2,0,0,21,6,1,583.0,0.10526315789473684,0.3157894736842105,0.0017152658662092624,Train
Levante UD,Defender,Postigo,1.45,21,4,1,1,0,0,12,3,1,493.0,0.047619047619047616,0.2857142857142857,0.002028397565922921,Train
Levante UD,Defender,E. Cabaco,1.638,21,9,2,2,0,0,14,8,0,695.0,0.09523809523809523,0.6190476190476191,0.0,Train
Levante UD,Defender,Pedro López,463.0,8,1,0,0,0,0,3,1,1,175.0,0.0,0.125,0.005714285714285714,Train
Levante UD,Defender,Antonio Luna,1.259,16,4,0,0,0,0,7,1,2,477.0,0.0,0.25,0.0041928721174004195,Train
Levante UD,Midfielder,Doukouré C.,313.0,9,1,0,0,0,0,2,1,0,109.0,0.0,0.1111111111111111,0.0,Train
Levante UD,Midfielder,Bardhi,2.841,36,6,0,3,0,0,3,50,4,1.103,0.08333333333333333,0.16666666666666666,3.626473254759746,Test
Levante UD,Midfielder,J. Morales,3.197,37,7,0,12,3,0,1,48,5,695.0,0.32432432432432434,0.1891891891891892,0.007194244604316547,Test
Levante UD,Midfielder,Rochina,1.812,27,9,2,4,0,0,0,30,5,941.0,0.14814814814814814,0.48148148148148145,0.005313496280552604,Train
Levante UD,Midfielder,Vukčević,670.0,16,3,1,0,0,0,5,0,1,244.0,0.0,0.3125,0.004098360655737705,Train
Levante UD,Midfielder,Jason,2.331,30,10,0,2,0,0,4,25,5,650.0,0.06666666666666667,0.3333333333333333,0.007692307692307693,Train
Levante UD,Midfielder,J. Campaña,3.213,36,12,0,4,0,0,7,14,9,1.857,0.1111111111111111,0.3333333333333333,4.846526655896607,Train
Levante UD,Midfielder,Fran Manzanara,155.0,4,0,0,0,0,0,2,1,0,67.0,0.0,0.0,0.0,Train
Levante UD,Midfielder,Arturo Molina,0.0,0,0,0,0,0,0,0,0,0,0.0,0.0,0.0,0.0,Train
Levante UD,Forward,B. Mayoral,1.614,29,1,0,3,0,0,1,21,2,387.0,0.10344827586206896,0.034482758620689655,0.00516795865633075,Train
Levante UD,Forward,Moses,779.0,19,1,0,1,0,0,1,10,1,213.0,0.05263157894736842,0.05263157894736842,0.004694835680751174,Train
Levante UD,Forward,Roger,1.894,31,4,0,13,2,0,1,56,0,347.0,0.41935483870967744,0.12903225806451613,0.0,Train
Levante UD,Forward,Dwamena,213.0,12,0,0,0,0,0,1,4,1,41.0,0.0,0.0,0.024390243902439025,Test
R. Valladolid CF,Goalkeeper,Masip,3.15,35,1,0,0,0,0,0,0,0,983.0,0.0,0.02857142857142857,0.0,Train
R. Valladolid CF,Goalkeeper,Yoel,270.0,3,0,0,0,0,0,0,0,0,92.0,0.0,0.0,0.0,Train
R. Valladolid CF,Defender,Joaquín,836.0,13,2,0,1,0,1,7,7,0,308.0,0.07692307692307693,0.15384615384615385,0.0,Train
R. Valladolid CF,Defender,Moisés,270.0,3,1,0,0,0,0,1,2,0,74.0,0.0,0.3333333333333333,0.0,Train
R. Valladolid CF,Defender,K. Olivas,3.102,35,6,0,0,0,0,18,5,0,1.349,0.0,0.17142857142857143,0.0,Train
R. Valladolid CF,Defender,Calero,3.13,36,7,0,1,0,0,31,8,0,1.45,0.027777777777777776,0.19444444444444445,0.0,Train
R. Valladolid CF,Defender,Moyano,2.106,27,3,0,0,0,0,9,5,0,714.0,0.0,0.1111111111111111,0.0,Test
R. Valladolid CF,Defender,Antoñito,1.854,30,5,0,2,0,0,8,6,1,650.0,0.06666666666666667,0.16666666666666666,0.0015384615384615385,Test
R. Valladolid CF,Defender,Nacho,3.15,35,10,0,1,0,0,10,12,3,1.378,0.02857142857142857,0.2857142857142857,2.177068214804064,Train
R. Valladolid CF,Defender,Salisu,0.0,0,0,0,0,0,0,0,0,0,0.0,0.0,0.0,0.0,Train
R. Valladolid CF,Defender,Roberto Corral,0.0,0,0,0,0,0,0,0,0,0,0.0,0.0,0.0,0.0,Train
R. Valladolid CF,Defender,Javier Aparicio,0.0,0,0,0,0,0,0,0,0,0,0.0,0.0,0.0,0.0,Train
R. Valladolid CF,Midfielder,Hervías,341.0,6,1,0,0,0,0,0,6,1,99.0,0.0,0.16666666666666666,0.010101010101010102,Train
R. Valladolid CF,Midfielder,Luismi,0.0,0,0,0,0,0,0,0,0,0,0.0,0.0,0.0,0.0,Test
R. Valladolid CF,Midfielder,Waldo,493.0,8,1,0,1,0,0,0,11,0,130.0,0.125,0.125,0.0,Train
R. Valladolid CF,Midfielder,Borja,839.0,19,4,0,0,0,0,2,4,0,379.0,0.0,0.21052631578947367,0.0,Train
R. Valladolid CF,Midfielder,Óscar Plano,2.696,33,8,0,3,0,0,3,37,4,771.0,0.09090909090909091,0.24242424242424243,0.005188067444876783,Train
R. Valladolid CF,Midfielder,Verde,641.0,22,1,0,2,1,0,0,20,0,232.0,0.09090909090909091,0.045454545454545456,0.0,Test
R. Valladolid CF,Midfielder,Rubén Alcaraz,2.978,34,13,0,3,0,0,10,34,2,1.712,0.08823529411764706,0.38235294117647056,1.1682242990654206,Train
R. Valladolid CF,Midfielder,Toni,1.774,26,3,0,2,0,0,0,26,2,551.0,0.07692307692307693,0.11538461538461539,0.003629764065335753,Train
R. Valladolid CF,Midfielder,Míchel,2.551,35,9,0,1,0,0,4,18,2,1.604,0.02857142857142857,0.2571428571428571,1.2468827930174562,Train
R. Valladolid CF,Midfielder,Anuar,1.082,19,6,0,1,0,0,1,8,0,395.0,0.05263157894736842,0.3157894736842105,0.0,Train
R. Valladolid CF,Midfielder,Keko Gontán,1.543,26,3,0,2,0,0,1,21,1,416.0,0.07692307692307693,0.11538461538461539,0.002403846153846154,Train
R. Valladolid CF,Midfielder,Miguel De la Fuente,11.0,2,0,0,0,0,0,0,2,0,6.0,0.0,0.0,0.0,Train
R. Valladolid CF,Midfielder,Pablo Muñoz,0.0,0,0,0,0,0,0,0,0,0,0.0,0.0,0.0,0.0,Test
R. Valladolid CF,Midfielder,Hacen,2.0,1,0,0,0,0,0,0,0,0,2.0,0.0,0.0,0.0,Train
R. Valladolid CF,Forward,Enes Ünal,2.15,33,7,0,6,3,0,4,38,3,524.0,0.18181818181818182,0.21212121212121213,0.0057251908396946565,Test
R. Valladolid CF,Forward,Sergi Guardiola,1.544,20,0,0,3,0,0,0,37,1,357.0,0.15,0.0,0.0028011204481792717,Test
R. Valladolid CF,Forward,Duje Cop,679.0,18,2,0,0,0,0,3,12,0,169.0,0.0,0.1111111111111111,0.0,Test
R. Valladolid CF,Forward,Stiven ,36.0,2,0,0,0,0,0,0,0,0,6.0,0.0,0.0,0.0,Test
Rayo Vallecano,Goalkeeper,Alberto G.,1.53,17,1,0,0,0,0,0,0,0,471.0,0.0,0.058823529411764705,0.0,Train
Rayo Vallecano,Goalkeeper,Dimitrievski,1.89,21,3,0,0,0,0,0,0,0,525.0,0.0,0.14285714285714285,0.0,Train
Rayo Vallecano,Goalkeeper,Miguel Ángel Morro,0.0,0,0,0,0,0,0,0,0,0,0.0,0.0,0.0,0.0,Train
Rayo Vallecano,Defender,Alejandro Catena,177.0,2,1,0,0,0,0,2,3,0,99.0,0.0,0.5,0.0,Train
Rayo Vallecano,Defender,Sergio Akieme,180.0,2,0,0,0,0,1,0,0,1,65.0,0.0,0.0,0.015384615384615385,Test
Rayo Vallecano,Defender,Tito L. V.,1.099,15,2,0,0,0,0,2,1,0,491.0,0.0,0.13333333333333333,0.0,Train
Rayo Vallecano,Defender,Álex Moreno,3.139,36,5,0,1,0,0,9,16,1,1.1,0.027777777777777776,0.1388888888888889,0.9090909090909091,Test
Rayo Vallecano,Defender,Amat,2.764,31,10,0,0,0,0,10,5,0,1.2819999999999998,0.0,0.3225806451612903,0.0,Train
Rayo Vallecano,Defender,Advíncula,2.391,28,2,2,1,0,0,2,13,3,939.0,0.03571428571428571,0.21428571428571427,0.003194888178913738,Train
Rayo Vallecano,Defender,E. Velázquez,1.275,18,8,0,0,0,0,7,5,2,505.0,0.0,0.4444444444444444,0.0039603960396039604,Train
Rayo Vallecano,Defender,A. Ba,2.111,26,4,2,1,0,0,18,9,0,1.0490000000000002,0.038461538461538464,0.3076923076923077,0.0,Train
Rayo Vallecano,Defender,Gálvez,1.418,17,6,0,1,0,0,2,6,0,686.0,0.058823529411764705,0.35294117647058826,0.0,Train
Rayo Vallecano,Defender,Martín Pascual,0.0,0,0,0,0,0,0,0,0,0,0.0,0.0,0.0,0.0,Train
Rayo Vallecano,Defender,Luis Meseguer,0.0,0,0,0,0,0,0,0,0,0,0.0,0.0,0.0,0.0,Train
Rayo Vallecano,Midfielder,Santi Comesaña,2.032,25,6,0,1,0,0,5,6,1,1.067,0.04,0.24,0.9372071227741331,Train
Rayo Vallecano,Midfielder,Uche,372.0,6,2,0,0,0,0,1,1,0,202.0,0.0,0.3333333333333333,0.0,Train
Rayo Vallecano,Midfielder,Medrán,1.147,21,6,1,3,0,0,1,20,0,727.0,0.14285714285714285,0.38095238095238093,0.0,Train
Rayo Vallecano,Midfielder,Gorka,285.0,5,1,0,0,0,0,1,0,0,142.0,0.0,0.2,0.0,Test
Rayo Vallecano,Midfielder,Kakuta,720.0,12,1,0,1,1,0,1,4,0,231.0,0.08333333333333333,0.08333333333333333,0.0,Train
Rayo Vallecano,Midfielder,Giannelli Imbula,1.739,22,7,0,1,0,0,2,14,1,710.0,0.045454545454545456,0.3181818181818182,0.0014084507042253522,Train
Rayo Vallecano,Midfielder,Bebé,1.358,29,6,0,1,0,0,1,33,1,409.0,0.034482758620689655,0.20689655172413793,0.0024449877750611247,Test
Rayo Vallecano,Midfielder,Mario Suárez,1.026,14,5,0,2,0,0,3,15,0,578.0,0.14285714285714285,0.35714285714285715,0.0,Test
Rayo Vallecano,Midfielder,Álvaro,1.759,35,3,0,4,0,0,0,20,2,419.0,0.11428571428571428,0.08571428571428572,0.00477326968973747,Train
Rayo Vallecano,Midfielder,Pozo,1.612,29,4,0,3,0,0,1,17,0,707.0,0.10344827586206896,0.13793103448275862,0.0,Train
Rayo Vallecano,Midfielder,Franco Di Santo,169.0,6,1,1,0,0,0,0,0,0,36.0,0.0,0.5,0.0,Test
Rayo Vallecano,Midfielder,Manuel Navarro,0.0,0,0,0,0,0,0,0,0,0,0.0,0.0,0.0,0.0,Train
Rayo Vallecano,Midfielder,Ángel Algobia,0.0,0,0,0,0,0,0,0,0,0,0.0,0.0,0.0,0.0,Train
Rayo Vallecano,Forward,M. L. S. Trejo,1.7719999999999998,26,5,1,1,1,0,2,15,4,840.0,0.038461538461538464,0.2692307692307692,0.004761904761904762,Test
Rayo Vallecano,Forward,R. D. T.,2.818,33,5,0,14,0,0,4,92,1,460.0,0.42424242424242425,0.15151515151515152,0.002173913043478261,Train
Rayo Vallecano,Forward,Embarba,2.289,36,3,1,5,3,0,2,36,6,583.0,0.1388888888888889,0.1388888888888889,0.010291595197255575,Train
Rayo Vallecano,Forward,Lass B.,0.0,0,0,0,0,0,0,0,0,0,0.0,0.0,0.0,0.0,Train
Rayo Vallecano,Forward,Javi Guerra,231.0,8,0,0,0,0,0,0,5,1,74.0,0.0,0.0,0.013513513513513514,Train
Rayo Vallecano,Forward,Sergio Moreno,13.0,1,0,0,0,0,0,0,1,0,2.0,0.0,0.0,0.0,Train
RC Celta,Goalkeeper,Sergio A.,1.17,13,1,0,0,0,0,0,0,0,411.0,0.0,0.07692307692307693,0.0,Train
RC Celta,Goalkeeper,Rubén Blanco,2.25,25,2,0,0,0,0,0,0,0,701.0,0.0,0.08,0.0,Train
RC Celta,Goalkeeper,Iván Villar,0.0,0,0,0,0,0,0,0,0,0,0.0,0.0,0.0,0.0,Test
RC Celta,Defender,Lucas Olaza,898.0,10,2,0,0,0,0,6,0,2,372.0,0.0,0.2,0.005376344086021506,Train
RC Celta,Defender,Hugo Mallo,3.094,35,11,0,1,0,0,13,19,4,1.491,0.02857142857142857,0.3142857142857143,2.682763246143528,Train
RC Celta,Defender,David Costas,1.173,15,4,0,0,0,0,6,2,0,682.0,0.0,0.26666666666666666,0.0,Train
RC Celta,Defender,Araújo,2.682,32,1,1,3,0,0,21,11,0,1.491,0.09375,0.09375,0.0,Train
RC Celta,Defender,Wesley Hoedt,893.0,10,1,1,0,0,0,11,3,0,489.0,0.0,0.3,0.0,Train
RC Celta,Defender,Juncà,1.758,21,6,0,0,0,0,6,4,3,830.0,0.0,0.2857142857142857,0.0036144578313253013,Train
RC Celta,Defender,Vázquez,218.0,4,0,0,0,0,0,3,0,0,92.0,0.0,0.0,0.0,Train
RC Celta,Defender,G. Cabral,1.897,24,2,2,0,0,1,11,10,0,908.0,0.0,0.25,0.0,Train
RC Celta,Midfielder,Okay,2.2030000000000003,30,10,0,2,0,0,11,16,0,1.3869999999999998,0.06666666666666667,0.3333333333333333,0.0,Train
RC Celta,Midfielder,Radoja,0.0,0,0,0,0,0,0,0,0,0,0.0,0.0,0.0,0.0,Train
RC Celta,Midfielder,Emre Mor,366.0,10,1,0,0,0,0,0,6,0,83.0,0.0,0.1,0.0,Train
RC Celta,Midfielder,F. Beltrán,1.5119999999999998,30,3,0,1,0,0,2,12,0,859.0,0.03333333333333333,0.1,0.0,Train
RC Celta,Midfielder,Lobotka,2.4930000000000003,31,1,0,0,0,0,1,5,1,1.404,0.0,0.03225806451612903,0.7122507122507123,Train
RC Celta,Midfielder,Hjulsager,349.0,15,1,0,0,0,0,0,1,3,109.0,0.0,0.06666666666666667,0.027522935779816515,Train
RC Celta,Midfielder,Jensen,235.0,6,0,0,0,0,0,0,3,0,78.0,0.0,0.0,0.0,Train
RC Celta,Midfielder,Boufal,2.097,35,6,0,3,0,0,0,32,3,801.0,0.08571428571428572,0.17142857142857143,0.003745318352059925,Train
RC Celta,Midfielder,Jozabed,1.157,20,1,0,0,0,0,2,10,0,703.0,0.0,0.05,0.0,Train
RC Celta,Midfielder,B. Méndez,2.351,31,5,0,6,1,0,3,47,7,1.113,0.1935483870967742,0.16129032258064516,6.289308176100629,Train
RC Celta,Midfielder,Boudebouz,1.26,20,3,1,1,0,0,2,19,2,660.0,0.05,0.25,0.0030303030303030303,Train
RC Celta,Forward,M. Gómez,2.9610000000000003,35,4,1,13,1,0,0,62,5,673.0,0.37142857142857144,0.17142857142857143,0.007429420505200594,Train
RC Celta,Forward,Iago Aspas,2.258,27,5,0,20,5,0,0,54,6,868.0,0.7407407407407407,0.18518518518518517,0.0069124423963133645,Train
RC Celta,Forward,Sisto,834.0,25,0,0,2,0,0,0,13,1,427.0,0.08,0.0,0.00234192037470726,Train
RCD Espanyol,Goalkeeper,Roberto,0.0,0,0,0,0,0,0,0,0,0,0.0,0.0,0.0,0.0,Train
RCD Espanyol,Goalkeeper,Diego López,3.42,38,2,0,0,0,0,0,0,0,1.068,0.0,0.05263157894736842,0.0,Train
RCD Espanyol,Defender,Lluís López,520.0,6,0,0,0,0,0,2,1,0,244.0,0.0,0.0,0.0,Train
RCD Espanyol,Defender,Naldo,1.366,16,3,0,1,0,0,13,6,1,600.0,0.0625,0.1875,0.0016666666666666668,Test
RCD Espanyol,Defender,O. Duarte,657.0,11,0,0,0,0,1,7,2,0,333.0,0.0,0.0,0.0,Train
RCD Espanyol,Defender,Roberto Rosales ,1.751,21,2,0,3,0,0,7,17,1,913.0,0.14285714285714285,0.09523809523809523,0.001095290251916758,Train
RCD Espanyol,Defender,Dídac Vilà,2.358,27,10,0,0,0,0,12,15,2,1.111,0.0,0.37037037037037035,1.8001800180018002,Train
RCD Espanyol,Defender,Javi López,1.947,23,3,1,0,0,0,5,5,0,850.0,0.0,0.21739130434782608,0.0,Train
RCD Espanyol,Defender,Hermoso,2.806,32,7,0,3,0,0,25,21,0,1.61,0.09375,0.21875,0.0,Train
RCD Espanyol,Defender,Adrià Pedrosa,760.0,12,1,0,1,0,0,4,5,0,228.0,0.08333333333333333,0.08333333333333333,0.0,Test
RCD Espanyol,Defender,Iago Indias,0.0,0,0,0,0,0,0,0,0,0,0.0,0.0,0.0,0.0,Test
RCD Espanyol,Midfielder,Alfa Semedo,42.0,3,1,0,0,0,0,1,2,0,21.0,0.0,0.3333333333333333,0.0,Train
RCD Espanyol,Midfielder,Facundo Ferreyra,204.0,9,2,0,1,0,0,0,2,0,49.0,0.1111111111111111,0.2222222222222222,0.0,Train
RCD Espanyol,Midfielder,Víctor S.,1.257,24,9,0,0,0,0,2,9,2,533.0,0.0,0.375,0.00375234521575985,Train
RCD Espanyol,Midfielder,S. Darder,2.717,34,6,1,4,0,0,3,42,2,1.235,0.11764705882352941,0.23529411764705882,1.6194331983805668,Train
RCD Espanyol,Midfielder,Melendo,2.002,32,3,0,0,0,0,1,5,5,868.0,0.0,0.09375,0.00576036866359447,Train
RCD Espanyol,Midfielder,David López,1.82,21,4,0,0,0,1,12,8,0,1.207,0.0,0.19047619047619047,0.0,Train
RCD Espanyol,Midfielder,Álex López,109.0,4,1,0,0,0,0,0,1,0,75.0,0.0,0.25,0.0,Train
RCD Espanyol,Midfielder,M. Roca,3.116,35,9,0,1,0,0,21,17,2,1.956,0.02857142857142857,0.2571428571428571,1.0224948875255624,Train
RCD Espanyol,Midfielder,Granero,2.019,28,10,0,3,0,0,8,18,1,1.12,0.10714285714285714,0.35714285714285715,0.8928571428571428,Train
RCD Espanyol,Midfielder,Carlos Doncel,0.0,0,0,0,0,0,0,0,0,0,0.0,0.0,0.0,0.0,Test
RCD Espanyol,Midfielder,Víctor Campuzano,0.0,0,0,0,0,0,0,0,0,0,0.0,0.0,0.0,0.0,Train
RCD Espanyol,Forward,Borja Iglesias,3.0810000000000004,37,5,0,17,3,0,6,72,3,674.0,0.4594594594594595,0.13513513513513514,0.004451038575667656,Train
RCD Espanyol,Forward,S. García,1.487,29,3,0,2,0,0,1,28,1,439.0,0.06896551724137931,0.10344827586206896,0.002277904328018223,Train
RCD Espanyol,Forward,Hernán Pérez,797.0,19,1,0,1,0,0,3,11,2,222.0,0.05263157894736842,0.05263157894736842,0.009009009009009009,Train
RCD Espanyol,Forward,Piatti,734.0,20,0,0,1,0,0,0,11,0,233.0,0.05,0.0,0.0,Train
RCD Espanyol,Forward,Puado,348.0,15,0,0,0,0,0,1,7,0,89.0,0.0,0.0,0.0,Train
RCD Espanyol,Forward,Wu Lei,1.064,16,1,0,3,0,0,0,28,1,198.0,0.1875,0.0625,0.005050505050505051,Test
Real Betis,Goalkeeper,Joel Robles,450.0,5,0,0,0,0,0,0,0,0,163.0,0.0,0.0,0.0,Train
Real Betis,Goalkeeper,Pau López,2.97,33,3,0,0,0,0,0,0,0,1.071,0.0,0.09090909090909091,0.0,Train
Real Betis,Defender,Emerson,317.0,6,1,0,0,0,0,0,1,0,146.0,0.0,0.16666666666666666,0.0,Train
Real Betis,Defender,Francis G.,1.79,22,1,0,0,0,0,1,6,1,783.0,0.0,0.045454545454545456,0.001277139208173691,Train
Real Betis,Defender,Feddal,1.7009999999999998,21,7,0,1,0,0,8,14,1,1.272,0.047619047619047616,0.3333333333333333,0.7861635220125786,Test
Real Betis,Defender,Bartra,2.93,33,4,0,1,0,0,21,6,0,2.266,0.030303030303030304,0.12121212121212122,0.0,Train
Real Betis,Defender,Sidnei,1.743,24,4,0,1,0,0,8,7,0,1.243,0.041666666666666664,0.16666666666666666,0.0,Train
Real Betis,Defender,A. Barragán,936.0,14,4,0,0,0,0,4,1,0,523.0,0.0,0.2857142857142857,0.0,Train
Real Betis,Defender,Júnior,1.937,24,7,0,3,0,0,2,15,4,934.0,0.125,0.2916666666666667,0.004282655246252677,Train
Real Betis,Defender,Mandi,3.06,35,10,0,1,0,0,23,6,1,2.577,0.02857142857142857,0.2857142857142857,0.38804811796662786,Train
Real Betis,Defender,Julio Alonso,0.0,0,0,0,0,0,0,0,0,0,0.0,0.0,0.0,0.0,Train
Real Betis,Defender,Edgar González,0.0,0,0,0,0,0,0,0,0,0,0.0,0.0,0.0,0.0,Train
Real Betis,Midfielder,Kaptoum,776.0,10,2,0,0,0,0,1,2,0,324.0,0.0,0.2,0.0,Train
Real Betis,Midfielder,Javi García,520.0,13,0,1,0,0,0,1,0,0,444.0,0.0,0.15384615384615385,0.0,Train
Real Betis,Midfielder,Canales,2.658,32,7,0,7,2,0,3,45,2,1.736,0.21875,0.21875,1.1520737327188941,Train
Real Betis,Midfielder,Tello Herrera,1.5590000000000002,29,4,0,4,0,0,0,29,6,778.0,0.13793103448275862,0.13793103448275862,0.007712082262210797,Test
Real Betis,Midfielder,William Carvalho,2.386,30,7,0,0,0,0,0,8,5,1.904,0.0,0.23333333333333334,2.6260504201680672,Train
Real Betis,Midfielder,Joaquín,1.694,30,5,0,6,0,0,2,18,0,846.0,0.2,0.16666666666666666,0.0,Train
Real Betis,Midfielder,A. Guardado,2.338,31,8,0,0,0,0,1,19,4,1.592,0.0,0.25806451612903225,2.5125628140703515,Test
Real Betis,Midfielder,Giovani Lo Celso,2.4,32,5,0,9,2,0,1,44,4,1.4240000000000002,0.28125,0.15625,2.8089887640449436,Train
Real Betis,Midfielder,Diego Lainez,348.0,12,2,0,0,0,0,0,4,1,123.0,0.0,0.16666666666666666,0.008130081300813009,Train
Real Betis,Midfielder,Adrián Tellado,0.0,0,0,0,0,0,0,0,0,0,0.0,0.0,0.0,0.0,Train
Real Betis,Midfielder,Irizo,0.0,0,0,0,0,0,0,0,0,0,0.0,0.0,0.0,0.0,Train
Real Betis,Midfielder,Robert,0.0,0,0,0,0,0,0,0,0,0,0.0,0.0,0.0,0.0,Train
Real Betis,Midfielder,Diego Altamirano,0.0,0,0,0,0,0,0,0,0,0,0.0,0.0,0.0,0.0,Train
Real Betis,Midfielder,Jaime Garijo,0.0,0,0,0,0,0,0,0,0,0,0.0,0.0,0.0,0.0,Train
Real Betis,Midfielder,Paul Akouokou,0.0,0,0,0,0,0,0,0,0,0,0.0,0.0,0.0,0.0,Train
Real Betis,Forward,Sergio León,632.0,16,1,0,0,0,0,0,10,1,99.0,0.0,0.0625,0.010101010101010102,Test
Real Betis,Forward,Jesé,782.0,14,2,0,2,0,0,0,15,0,193.0,0.14285714285714285,0.14285714285714285,0.0,Train
Real Betis,Forward,Loren,1.958,33,3,0,6,0,0,1,50,0,337.0,0.18181818181818182,0.09090909090909091,0.0,Train
Real Madrid,Goalkeeper,Luca Zidane,90.0,1,0,0,0,0,0,0,0,0,38.0,0.0,0.0,0.0,Test
Real Madrid,Goalkeeper,Navas,900.0,10,1,0,0,0,0,0,0,0,236.0,0.0,0.1,0.0,Test
Real Madrid,Goalkeeper,Courtois,2.43,27,2,0,0,0,0,0,1,0,672.0,0.0,0.07407407407407407,0.0,Train
Real Madrid,Defender,Javi Sánchez,45.0,1,1,0,0,0,0,0,0,0,8.0,0.0,1.0,0.0,Train
Real Madrid,Defender,Carvajal,2.106,24,10,0,1,0,0,7,8,2,1.55,0.041666666666666664,0.4166666666666667,1.2903225806451613,Train
Real Madrid,Defender,Vallejo,311.0,5,1,1,1,0,0,4,1,0,156.0,0.2,0.6,0.0,Train
Real Madrid,Defender,Sergio Ramos,2.474,28,5,1,6,5,0,15,25,1,1.917,0.21428571428571427,0.25,0.5216484089723527,Test
Real Madrid,Defender,Varane,2.755,32,0,1,2,0,0,9,12,0,1.707,0.0625,0.0625,0.0,Train
Real Madrid,Defender,Nacho,1.7009999999999998,20,6,1,0,0,0,7,5,1,987.0,0.0,0.4,0.0010131712259371835,Train
Real Madrid,Defender,Marcelo,1.841,23,6,0,2,0,0,2,27,2,1.324,0.08695652173913043,0.2608695652173913,1.510574018126888,Test
Real Madrid,Defender,Odriozola,1.179,14,2,0,0,0,0,1,1,2,594.0,0.0,0.14285714285714285,0.003367003367003367,Test
Real Madrid,Defender,Reguilón,1.121,14,3,0,0,0,0,3,4,2,666.0,0.0,0.21428571428571427,0.003003003003003003,Train
Real Madrid,Defender,Adrián de la Fuente,0.0,0,0,0,0,0,0,0,0,0,0.0,0.0,0.0,0.0,Train
Real Madrid,Defender,Francisco Garcia,0.0,0,0,0,0,0,0,0,0,0,0.0,0.0,0.0,0.0,Train
Real Madrid,Midfielder,Kroos,2.227,28,2,0,0,0,0,4,20,4,2.072,0.0,0.07142857142857142,1.9305019305019304,Train
Real Madrid,Midfielder,Modrić,2.617,34,6,0,3,0,0,3,26,6,1.891,0.08823529411764706,0.17647058823529413,3.1729243786356425,Train
Real Madrid,Midfielder,Casemiro,2.316,29,5,1,3,0,0,12,29,0,1.618,0.10344827586206896,0.2413793103448276,0.0,Train
Real Madrid,Midfielder,Valverde,651.0,16,4,0,0,0,0,2,4,0,373.0,0.0,0.25,0.0,Train
Real Madrid,Midfielder,M. Llorente,540.0,7,1,0,0,0,0,0,1,0,375.0,0.0,0.14285714285714285,0.0,Train
Real Madrid,Midfielder,Asensio,1.778,30,3,0,1,0,0,1,33,4,912.0,0.03333333333333333,0.1,0.0043859649122807015,Train
Real Madrid,Midfielder,Brahim Díaz,378.0,9,0,0,1,0,0,0,7,1,163.0,0.1111111111111111,0.0,0.006134969325153374,Train
Real Madrid,Midfielder,Isco,1.186,27,3,0,3,0,0,1,16,2,928.0,0.1111111111111111,0.1111111111111111,0.0021551724137931034,Train
Real Madrid,Midfielder,D. Ceballos,1.246,23,3,0,3,0,0,1,12,0,1.015,0.13043478260869565,0.13043478260869565,0.0,Train
Real Madrid,Midfielder,Álvaro Fidalgo,0.0,0,0,0,0,0,0,0,0,0,0.0,0.0,0.0,0.0,Test
Real Madrid,Midfielder,Jaume Grau,0.0,0,0,0,0,0,0,0,0,0,0.0,0.0,0.0,0.0,Train
Real Madrid,Forward,Cristo González,45.0,1,0,0,0,0,0,0,0,0,10.0,0.0,0.0,0.0,Train
Real Madrid,Forward,Mariano,439.0,13,2,0,3,0,0,0,15,0,92.0,0.23076923076923078,0.15384615384615385,0.0,Test
Real Madrid,Forward,Benzema,2.9610000000000003,36,1,0,21,3,0,1,85,6,1.183,0.5833333333333334,0.027777777777777776,5.07185122569738,Train
Real Madrid,Forward,Bale,1.7919999999999998,29,4,0,8,1,0,3,67,3,690.0,0.27586206896551724,0.13793103448275862,0.004347826086956522,Train
Real Madrid,Forward,L. Vázquez,1.501,31,4,1,1,0,0,1,18,3,875.0,0.03225806451612903,0.1935483870967742,0.0034285714285714284,Train
Real Madrid,Forward,Vinicius,864.0,18,0,0,2,0,0,1,31,0,285.0,0.1111111111111111,0.0,0.0,Train
Real Sociedad,Goalkeeper,Andoni Zubiaurre,0.0,0,0,0,0,0,0,0,0,0,0.0,0.0,0.0,0.0,Train
Real Sociedad,Goalkeeper,Gero Rulli,2.43,27,3,0,0,0,0,0,0,0,983.0,0.0,0.1111111111111111,0.0,Train
Real Sociedad,Goalkeeper,Moyà,990.0,11,1,0,0,0,0,0,0,0,326.0,0.0,0.09090909090909091,0.0,Train
Real Sociedad,Defender,Zaldúa,2.141,26,7,0,1,0,0,3,5,2,899.0,0.038461538461538464,0.2692307692307692,0.002224694104560623,Train
Real Sociedad,Defender,Llorente R.,1.755,21,5,0,0,0,1,15,6,0,1.098,0.0,0.23809523809523808,0.0,Train
Real Sociedad,Defender,H.Moreno,1.929,25,2,0,1,0,0,19,4,0,1.192,0.04,0.08,0.0,Test
Real Sociedad,Defender,Aritz,2.253,27,5,0,1,0,0,7,9,0,1.108,0.037037037037037035,0.18518518518518517,0.0,Test
Real Sociedad,Defender,Gorosabel,454.0,7,0,0,0,0,0,1,2,0,210.0,0.0,0.0,0.0,Test
Real Sociedad,Defender,Theo,1.976,24,5,1,1,0,0,5,19,2,909.0,0.041666666666666664,0.2916666666666667,0.0022002200220022,Train
Real Sociedad,Defender,Rodrigues,483.0,7,1,0,0,0,0,3,2,0,181.0,0.0,0.14285714285714285,0.0,Train
Real Sociedad,Defender,Raúl Navas,1.311,16,4,0,0,0,0,9,2,0,864.0,0.0,0.25,0.0,Train
Real Sociedad,Defender,Robin Le Normand,283.0,4,1,0,0,0,0,0,1,1,220.0,0.0,0.25,0.004545454545454545,Train
Real Sociedad,Defender,Aihen Muñoz,954.0,11,0,0,0,0,0,9,1,0,399.0,0.0,0.0,0.0,Train
Real Sociedad,Defender,Alex Sola,90.0,1,0,0,0,0,0,0,2,0,52.0,0.0,0.0,0.0,Train
Real Sociedad,Midfielder,Ander Guevara,90.0,1,0,0,0,0,0,0,3,0,42.0,0.0,0.0,0.0,Train
Real Sociedad,Midfielder,Illarramendi,1.822,23,8,0,1,0,0,9,11,1,1.238,0.043478260869565216,0.34782608695652173,0.8077544426494346,Train
Real Sociedad,Midfielder,Zubeldia,2.551,33,7,0,0,0,0,6,10,1,1.2,0.0,0.21212121212121213,0.8333333333333334,Train
Real Sociedad,Midfielder,Merino,2.06,29,8,1,3,0,0,2,20,3,1.089,0.10344827586206896,0.3448275862068966,2.7548209366391188,Train
Real Sociedad,Midfielder,R. Pardo,1.3730000000000002,24,3,0,1,0,0,6,11,2,805.0,0.041666666666666664,0.125,0.002484472049689441,Train
Real Sociedad,Midfielder,Merquelanz,4.0,1,0,0,0,0,0,0,0,0,0.0,0.0,0.0,0.0,Train
Real Sociedad,Midfielder,Zurutuza,1.223,21,2,0,2,0,0,4,9,0,603.0,0.09523809523809523,0.09523809523809523,0.0,Train
Real Sociedad,Midfielder,Sangalli ,999.0,18,0,0,1,0,0,1,10,3,361.0,0.05555555555555555,0.0,0.008310249307479225,Train
Real Sociedad,Midfielder,Roberto López,28.0,1,0,0,0,0,0,0,0,0,3.0,0.0,0.0,0.0,Train
Real Sociedad,Midfielder,Näis Djouahra,0.0,0,0,0,0,0,0,0,0,0,0.0,0.0,0.0,0.0,Train
Real Sociedad,Midfielder,Ander Barrenetxea,398.0,9,0,0,1,0,0,0,3,0,105.0,0.1111111111111111,0.0,0.0,Train
Real Sociedad,Midfielder,Martín Zubimendi,6.0,1,0,0,0,0,0,0,0,0,4.0,0.0,0.0,0.0,Train
Real Sociedad,Midfielder,Zourdine Thior,0.0,0,0,0,0,0,0,0,0,0,0.0,0.0,0.0,0.0,Train
Real Sociedad,Forward,Juanmi,1.52,30,3,1,5,0,0,0,35,2,359.0,0.16666666666666666,0.16666666666666666,0.005571030640668524,Train
Real Sociedad,Forward,Oyarzabal,3.159,37,2,0,13,3,1,3,50,2,924.0,0.35135135135135137,0.05405405405405406,0.0021645021645021645,Train
Real Sociedad,Forward,Januzaj,1.252,20,1,0,1,0,0,0,22,3,431.0,0.05,0.05,0.0069605568445475635,Train
Real Sociedad,Forward,Willian J.,2.374,31,5,1,11,5,0,5,46,5,755.0,0.3548387096774194,0.22580645161290322,0.006622516556291391,Test
Real Sociedad,Forward,Bautista,587.0,18,1,0,1,0,0,1,17,0,136.0,0.05555555555555555,0.05555555555555555,0.0,Train
Real Sociedad,Forward,Sandro,1.05,24,4,0,0,0,0,1,33,0,342.0,0.0,0.16666666666666666,0.0,Train
SD Eibar,Goalkeeper,Dmitrović,2.16,24,3,0,0,0,0,0,0,0,692.0,0.0,0.125,0.0,Train
SD Eibar,Goalkeeper,Riesgo,1.26,14,1,0,0,0,0,0,0,0,347.0,0.0,0.07142857142857142,0.0,Train
SD Eibar,Defender,J. Calavera,1.0,1,0,0,0,0,0,0,0,0,0.0,0.0,0.0,0.0,Test
SD Eibar,Defender,Bigas,584.0,10,1,0,0,0,0,2,3,1,296.0,0.0,0.1,0.0033783783783783786,Train
SD Eibar,Defender,N. E. Ramis ,1.682,21,4,0,0,0,0,5,13,0,809.0,0.0,0.19047619047619047,0.0,Train
SD Eibar,Defender,Paulo,2.2430000000000003,28,4,0,0,0,1,10,8,0,1.01,0.0,0.14285714285714285,0.0,Train
SD Eibar,Defender,Cote,3.034,35,9,0,1,0,0,5,15,1,1.4880000000000002,0.02857142857142857,0.2571428571428571,0.6720430107526881,Test
SD Eibar,Defender,Cucurella,2.356,31,6,0,1,0,0,3,15,2,848.0,0.03225806451612903,0.1935483870967742,0.0023584905660377358,Train
SD Eibar,Defender,Arbilla,1.95,25,3,1,1,0,0,5,11,2,1.116,0.04,0.2,1.7921146953405016,Train
SD Eibar,Midfielder,Escalante,1.7819999999999998,32,6,0,4,0,0,2,16,1,756.0,0.125,0.1875,0.0013227513227513227,Test
SD Eibar,Midfielder,Sergio A.,1.064,19,1,0,0,0,0,4,2,0,498.0,0.0,0.05263157894736842,0.0,Test
SD Eibar,Midfielder,P. Diop,2.356,28,11,0,1,0,0,1,30,1,1.129,0.03571428571428571,0.39285714285714285,0.8857395925597874,Train
SD Eibar,Midfielder,R. Peña,2.673,31,3,0,1,0,0,9,15,2,1.349,0.03225806451612903,0.0967741935483871,1.4825796886582654,Train
SD Eibar,Midfielder,Orellana,2.738,33,4,0,3,1,0,0,63,5,1.164,0.09090909090909091,0.12121212121212122,4.29553264604811,Train
SD Eibar,Midfielder,De Blasis,1.517,24,3,1,2,0,0,0,10,0,641.0,0.08333333333333333,0.20833333333333334,0.0,Train
SD Eibar,Midfielder,P. León,426.0,9,0,0,1,0,0,0,7,0,122.0,0.1111111111111111,0.0,0.0,Test
SD Eibar,Midfielder,Pere Milla,344.0,5,0,0,0,0,0,1,2,0,114.0,0.0,0.0,0.0,Train
SD Eibar,Midfielder,Jordán,2.878,36,10,0,4,0,0,4,44,4,1.6840000000000002,0.1111111111111111,0.2777777777777778,2.375296912114014,Test
SD Eibar,Midfielder,Miguel Marí,67.0,2,0,0,0,0,0,0,1,0,40.0,0.0,0.0,0.0,Train
SD Eibar,Forward,Marc,597.0,17,1,0,3,0,0,0,13,1,165.0,0.17647058823529413,0.058823529411764705,0.006060606060606061,Test
SD Eibar,Forward,Sergi Enrich,2.592,35,4,0,7,0,0,1,57,4,925.0,0.2,0.11428571428571428,0.004324324324324324,Train
SD Eibar,Forward,Kike G.,1.294,30,0,0,3,0,0,0,40,0,394.0,0.1,0.0,0.0,Train
SD Eibar,Forward,Charles L.,1.734,34,4,0,14,6,0,1,57,1,545.0,0.4117647058823529,0.11764705882352941,0.001834862385321101,Train
SD Huesca,Goalkeeper,Javi Varas,0.0,0,0,0,0,0,0,0,0,0,0.0,0.0,0.0,0.0,Train
SD Huesca,Goalkeeper,Santamaría,1.8,20,1,0,0,0,0,0,0,0,546.0,0.0,0.05,0.0,Train
SD Huesca,Goalkeeper,Jovanović,1.08,12,1,0,0,0,0,0,0,0,309.0,0.0,0.08333333333333333,0.0,Train
SD Huesca,Defender,Mantovani,699.0,9,2,0,2,0,1,3,4,0,226.0,0.2222222222222222,0.2222222222222222,0.0,Test
SD Huesca,Defender,Etxeita,2.678,31,11,0,4,0,1,25,18,0,882.0,0.12903225806451613,0.3548387096774194,0.0,Train
SD Huesca,Defender,Diéguez,749.0,9,3,0,0,0,0,4,1,0,204.0,0.0,0.3333333333333333,0.0,Train
SD Huesca,Defender,J. Pulido,2.7880000000000003,32,8,2,3,0,1,18,17,3,921.0,0.09375,0.375,0.003257328990228013,Train
SD Huesca,Defender,Akapo,1.012,13,2,0,0,0,0,2,4,0,348.0,0.0,0.15384615384615385,0.0,Train
SD Huesca,Defender,Luisinho,509.0,7,4,0,0,0,0,1,3,0,195.0,0.0,0.5714285714285714,0.0,Test
SD Huesca,Defender,Insua,779.0,10,4,0,0,0,0,0,2,0,246.0,0.0,0.4,0.0,Train
SD Huesca,Defender,Miramón,2.496,30,5,0,1,0,0,11,7,0,983.0,0.03333333333333333,0.16666666666666666,0.0,Train
SD Huesca,Midfielder,Aguilera,347.0,6,0,0,0,0,0,2,3,0,184.0,0.0,0.0,0.0,Train
SD Huesca,Midfielder,Moi Gómez,3.0610000000000004,36,3,0,2,0,0,3,17,7,1.42,0.05555555555555555,0.08333333333333333,4.929577464788733,Train
SD Huesca,Midfielder,Ferreiro,2.276,35,5,0,1,0,0,1,22,3,739.0,0.02857142857142857,0.14285714285714285,0.0040595399188092015,Train
SD Huesca,Midfielder,Melero,1.346,22,3,0,2,1,0,4,19,1,716.0,0.09090909090909091,0.13636363636363635,0.0013966480446927375,Train
SD Huesca,Midfielder,Camacho,34.0,3,0,0,0,0,0,0,3,0,22.0,0.0,0.0,0.0,Train
SD Huesca,Midfielder,Álex Gallar,1.002,25,2,0,4,1,0,1,19,1,407.0,0.16,0.08,0.002457002457002457,Test
SD Huesca,Midfielder,Javi Galán,1.44,16,7,0,0,0,0,1,2,2,396.0,0.0,0.4375,0.005050505050505051,Train
SD Huesca,Midfielder,Rivera,1.694,22,2,0,2,0,0,4,11,0,682.0,0.09090909090909091,0.09090909090909091,0.0,Train
SD Huesca,Midfielder,Juanpi,672.0,14,2,0,2,1,0,0,8,2,217.0,0.14285714285714285,0.14285714285714285,0.009216589861751152,Train
SD Huesca,Midfielder,Herrera,1.158,16,5,0,0,0,0,1,10,0,433.0,0.0,0.3125,0.0,Train
SD Huesca,Midfielder,Musto,1.6869999999999998,24,11,0,0,0,0,11,11,0,775.0,0.0,0.4583333333333333,0.0,Train
SD Huesca,Forward,Cucho Hernández,2.15,34,6,0,4,2,0,2,68,3,544.0,0.11764705882352941,0.17647058823529413,0.0055147058823529415,Train
SD Huesca,Forward,Chimy Ávila,1.993,34,9,1,10,1,0,2,66,2,523.0,0.29411764705882354,0.3235294117647059,0.0038240917782026767,Train
SD Huesca,Forward,Enric Gallego,1.541,19,4,0,5,0,0,2,28,1,374.0,0.2631578947368421,0.21052631578947367,0.00267379679144385,Train
Sevilla FC,Goalkeeper,Tomáš Vaclík,2.97,33,1,0,0,0,0,0,0,0,813.0,0.0,0.030303030303030304,0.0,Train
Sevilla FC,Goalkeeper,Juan Soriano,359.0,4,0,1,0,0,0,0,0,0,119.0,0.0,0.5,0.0,Train
Sevilla FC,Goalkeeper,Javier Díaz,90.0,1,0,0,0,0,0,0,0,0,21.0,0.0,0.0,0.0,Train
Sevilla FC,Defender,Sergi Gómez,2.766,32,1,0,0,0,0,20,6,0,1.457,0.0,0.03125,0.0,Train
Sevilla FC,Defender,Kjaer,2.015,26,5,0,0,0,0,34,11,0,907.0,0.0,0.19230769230769232,0.0,Test
Sevilla FC,Defender,Carriço,2.132,24,10,0,1,0,0,12,7,1,1.001,0.041666666666666664,0.4166666666666667,0.9990009990009991,Train
Sevilla FC,Defender,Maximilian Wöber,536.0,7,2,0,0,0,0,0,4,0,260.0,0.0,0.2857142857142857,0.0,Train
Sevilla FC,Defender,Escudero,1.5490000000000002,21,6,1,0,0,0,4,18,1,744.0,0.0,0.38095238095238093,0.0013440860215053765,Train
Sevilla FC,Defender,Arana,633.0,9,3,0,0,0,0,3,4,0,220.0,0.0,0.3333333333333333,0.0,Train
Sevilla FC,Defender,Gnagnon,444.0,7,2,0,0,0,0,2,3,0,258.0,0.0,0.2857142857142857,0.0,Test
Sevilla FC,Defender,Mercado,1.737,23,10,0,2,0,0,12,11,1,744.0,0.08695652173913043,0.43478260869565216,0.0013440860215053765,Train
Sevilla FC,Midfielder,Amadou,757.0,17,2,0,0,0,0,4,5,0,352.0,0.0,0.11764705882352941,0.0,Test
Sevilla FC,Midfielder,R. Mesa,1.745,31,10,0,2,0,0,0,19,2,914.0,0.06451612903225806,0.3225806451612903,0.002188183807439825,Train
Sevilla FC,Midfielder,Banega,2.676,32,15,2,3,2,0,5,19,4,2.091,0.09375,0.59375,1.9129603060736489,Train
Sevilla FC,Midfielder,Aleix Vidal,526.0,11,3,0,0,0,0,0,7,0,251.0,0.0,0.2727272727272727,0.0,Train
Sevilla FC,Midfielder,Gonalons,536.0,10,0,0,0,0,0,4,1,0,333.0,0.0,0.0,0.0,Train
Sevilla FC,Midfielder,J. Navas,2.712,32,8,0,1,0,0,5,28,5,1.418,0.03125,0.25,3.526093088857546,Train
Sevilla FC,Midfielder,Sarabia,2.728,33,9,0,12,1,0,3,62,13,1.208,0.36363636363636365,0.2727272727272727,10.76158940397351,Train
Sevilla FC,Midfielder,Marko Rog,354.0,10,5,0,0,0,0,0,1,0,206.0,0.0,0.5,0.0,Train
Sevilla FC,Midfielder,Vázquez,2.287,34,8,1,3,0,0,2,33,4,1.068,0.08823529411764706,0.29411764705882354,3.745318352059925,Train
Sevilla FC,Midfielder,Bryan Gil Salvatierra,157.0,11,0,0,1,0,0,0,2,1,65.0,0.09090909090909091,0.0,0.015384615384615385,Train
Sevilla FC,Forward,Nolito,73.0,4,0,0,0,0,0,0,2,0,27.0,0.0,0.0,0.0,Train
Sevilla FC,Forward,Ben Yedder,2.819,35,4,0,18,2,0,0,64,9,755.0,0.5142857142857142,0.11428571428571428,0.011920529801324504,Train
Sevilla FC,Forward,André Silva,2.1630000000000003,27,4,0,9,0,0,1,48,0,538.0,0.3333333333333333,0.14814814814814814,0.0,Train
Sevilla FC,Forward,Munir,1.192,23,2,0,6,0,0,0,27,2,376.0,0.2608695652173913,0.08695652173913043,0.005319148936170213,Train
Sevilla FC,Forward,Promes,1.569,33,2,0,2,0,0,3,19,3,757.0,0.06060606060606061,0.06060606060606061,0.003963011889035667,Train
Valencia CF,Goalkeeper,Domenech,360.0,4,0,0,0,0,0,0,0,0,73.0,0.0,0.0,0.0,Train
Valencia CF,Goalkeeper,Neto,3.06,34,2,0,0,0,0,0,0,0,691.0,0.0,0.058823529411764705,0.0,Train
Valencia CF,Defender,Roncaglia,1.6740000000000002,19,6,1,0,0,0,7,4,0,806.0,0.0,0.42105263157894735,0.0,Train
Valencia CF,Defender,Gabriel Paulista,2.625,30,6,0,0,0,0,21,8,1,1.298,0.0,0.2,0.7704160246533127,Train
Valencia CF,Defender,Diakhaby,1.574,22,9,0,2,0,0,16,8,0,696.0,0.09090909090909091,0.4090909090909091,0.0,Train
Valencia CF,Defender,Gayá,3.138,35,10,0,1,0,0,6,12,1,1.4509999999999998,0.02857142857142857,0.2857142857142857,0.6891798759476224,Train
Valencia CF,Defender,Lato,270.0,4,1,0,0,0,0,3,2,0,141.0,0.0,0.25,0.0,Train
Valencia CF,Defender,Piccini ,1.868,23,3,0,1,0,0,7,9,0,771.0,0.043478260869565216,0.13043478260869565,0.0,Train
Valencia CF,Defender,Garay,2.137,24,4,0,2,0,0,23,10,0,1.07,0.08333333333333333,0.16666666666666666,0.0,Test
Valencia CF,Defender,Hugo Guillamón,0.0,0,0,0,0,0,0,0,0,0,0.0,0.0,0.0,0.0,Test
Valencia CF,Midfielder,Kondogbia,1.244,19,1,0,1,0,0,7,16,1,744.0,0.05263157894736842,0.05263157894736842,0.0013440860215053765,Test
Valencia CF,Midfielder,Gonçalo Guedes,1.469,25,2,0,5,0,0,0,27,3,598.0,0.2,0.08,0.005016722408026756,Train
Valencia CF,Midfielder,Carlos Soler,2.466,31,9,0,2,0,1,6,29,6,902.0,0.06451612903225806,0.2903225806451613,0.0066518847006651885,Train
Valencia CF,Midfielder,Parejo,3.062,36,6,1,9,5,0,7,36,7,2.215,0.25,0.2222222222222222,3.160270880361174,Test
Valencia CF,Midfielder,Chéryshev,1.709,27,2,0,2,0,0,3,23,2,606.0,0.07407407407407407,0.07407407407407407,0.0033003300330033004,Train
Valencia CF,Midfielder,Lee Kang-In,21.0,3,1,0,0,0,0,0,1,0,13.0,0.0,0.3333333333333333,0.0,Train
Valencia CF,Midfielder,Coquelin,1.766,26,5,0,0,0,0,5,9,1,967.0,0.0,0.19230769230769232,0.001034126163391934,Train
Valencia CF,Midfielder,Wass,2.355,32,4,0,1,0,1,4,18,3,1.148,0.03125,0.125,2.613240418118467,Train
Valencia CF,Midfielder,Fran Navarro,0.0,0,0,0,0,0,0,0,0,0,0.0,0.0,0.0,0.0,Train
Valencia CF,Forward,Gameiro,1.605,33,1,0,6,0,0,2,29,1,422.0,0.18181818181818182,0.030303030303030304,0.002369668246445498,Train
Valencia CF,Forward,Rodrigo,2.5340000000000003,33,3,1,8,0,0,1,69,6,829.0,0.24242424242424243,0.15151515151515152,0.007237635705669481,Train
Valencia CF,Forward,Ferrán,843.0,24,5,0,2,0,0,1,14,1,292.0,0.08333333333333333,0.20833333333333334,0.003424657534246575,Train
Valencia CF,Forward,S. Mina,1.858,30,4,0,7,0,0,2,38,5,463.0,0.23333333333333334,0.13333333333333333,0.01079913606911447,Test
Valencia CF,Forward,Sobrino,1.155,24,3,0,3,0,0,2,19,1,281.0,0.125,0.125,0.0035587188612099642,Train
Villarreal CF,Goalkeeper,S. Asenjo ,2.88,32,0,0,0,0,0,0,0,0,686.0,0.0,0.0,0.0,Test
Villarreal CF,Goalkeeper,Andrés Fdez,540.0,6,2,0,0,0,0,0,0,0,171.0,0.0,0.3333333333333333,0.0,Train
Villarreal CF,Goalkeeper,Barbosa,0.0,0,0,0,0,0,0,0,0,0,0.0,0.0,0.0,0.0,Train
Villarreal CF,Defender,Quintillà,628.0,7,1,0,0,0,0,2,3,0,279.0,0.0,0.14285714285714285,0.0,Train
Villarreal CF,Defender,Mario Gaspar,2.6010000000000004,31,15,1,1,0,0,11,16,2,1.053,0.03225806451612903,0.5483870967741935,1.8993352326685662,Train
Villarreal CF,Defender,Álvaro ,2.965,33,13,2,1,0,0,24,13,2,1.496,0.030303030303030304,0.5151515151515151,1.3368983957219251,Train
Villarreal CF,Defender,Funes Mori,2.628,31,14,0,2,0,1,24,15,1,1.212,0.06451612903225806,0.45161290322580644,0.8250825082508251,Train
Villarreal CF,Defender,Víctor Ruiz,1.976,22,10,0,0,0,0,16,6,0,1.197,0.0,0.45454545454545453,0.0,Train
Villarreal CF,Defender,J. Costa,1.4980000000000002,21,6,0,1,0,1,3,9,0,778.0,0.047619047619047616,0.2857142857142857,0.0,Train
Villarreal CF,Defender,Miguelón,543.0,8,1,0,0,0,0,2,2,0,163.0,0.0,0.125,0.0,Train
Villarreal CF,Defender,Bonera,233.0,5,1,0,0,0,1,5,0,0,93.0,0.0,0.2,0.0,Train
Villarreal CF,Midfielder,Manuel Morlanes,611.0,10,2,0,0,0,0,3,2,3,320.0,0.0,0.2,0.009375,Train
Villarreal CF,Midfielder,Cáseres,1.588,23,10,0,0,0,0,9,4,1,862.0,0.0,0.43478260869565216,0.001160092807424594,Train
Villarreal CF,Midfielder,P. Fornals,2.483,35,4,0,2,0,0,4,43,3,1.13,0.05714285714285714,0.11428571428571428,2.6548672566371683,Test
Villarreal CF,Midfielder,Iborra,1.6669999999999998,19,7,0,3,0,0,7,16,1,791.0,0.15789473684210525,0.3684210526315789,0.0012642225031605564,Train
Villarreal CF,Midfielder,M. Trigueros,1.547,24,3,0,0,0,0,6,11,0,983.0,0.0,0.125,0.0,Test
Villarreal CF,Midfielder,Pedraza,2.087,34,3,0,3,0,0,7,24,3,710.0,0.08823529411764706,0.08823529411764706,0.004225352112676056,Train
Villarreal CF,Midfielder,Javi Fuego,234.0,5,1,0,0,0,0,0,0,0,144.0,0.0,0.2,0.0,Train
Villarreal CF,Midfielder,S. Cazorla,2.651,35,2,0,4,2,0,6,22,10,1.5730000000000002,0.11428571428571428,0.05714285714285714,6.357279084551811,Train
Villarreal CF,Midfielder,Bruno,0.0,0,0,0,0,0,0,0,0,0,0.0,0.0,0.0,0.0,Train
Villarreal CF,Midfielder,Raba,186.0,8,0,0,0,0,0,0,1,1,93.0,0.0,0.0,0.010752688172043012,Test
Villarreal CF,Midfielder,Samuel Chukwueze,1.7080000000000002,26,2,0,5,0,0,2,42,2,504.0,0.19230769230769232,0.07692307692307693,0.003968253968253968,Train
Villarreal CF,Midfielder,Iván Martín,0.0,0,0,0,0,0,0,0,0,0,0.0,0.0,0.0,0.0,Test
Villarreal CF,Midfielder,Andrei Ratiu,0.0,0,0,0,0,0,0,0,0,0,0.0,0.0,0.0,0.0,Test
Villarreal CF,Forward,Gerard,2.317,35,3,0,8,0,0,9,54,1,740.0,0.22857142857142856,0.08571428571428572,0.0013513513513513514,Train
Villarreal CF,Forward,Bacca,1.259,33,3,0,6,1,0,0,22,1,270.0,0.18181818181818182,0.09090909090909091,0.003703703703703704,Train
Villarreal CF,Forward,Toko Ekambi,2.148,34,5,0,10,0,0,0,49,1,501.0,0.29411764705882354,0.14705882352941177,0.001996007984031936,Train
